{"HWc":[{"id":1,"x":120,"y":820,"txt":"Home","type":1507556},{"id":2,"x":300,"y":820,"txt":"1","type":1507556},{"id":3,"x":480,"y":820,"txt":"2","type":1507556},{"id":4,"x":660,"y":820,"txt":"3","type":1507556},{"id":5,"x":840,"y":820,"txt":"4","type":1507556},{"id":6,"x":1020,"y":820,"txt":"5","type":1507556},{"id":7,"x":1200,"y":820,"txt":"6","type":1507556},{"id":8,"x":1380,"y":820,"txt":"7","type":1507556},{"id":9,"x":130,"y":150,"txt":"Enc1","type":1507557},{"id":10,"x":130,"y":390,"txt":"Enc2","type":1507557},{"id":11,"x":130,"y":630,"txt":"Enc3","type":1507557},{"id":12,"x":1370,"y":150,"txt":"Enc4","type":1507557},{"id":13,"x":1370,"y":390,"txt":"Enc5","type":1507557},{"id":14,"x":1370,"y":630,"txt":"Enc6","type":1507557},{"id":15,"x":483,"y":207,"txt":"Touch1","type":1507558},{"id":16,"x":661,"y":207,"txt":"Touch2","type":1507558},{"id":17,"x":839,"y":207,"txt":"Touch3","type":1507558},{"id":18,"x":1017,"y":207,"txt":"Touch4","type":1507558},{"id":19,"x":483,"y":385,"txt":"Touch5","type":1507558},{"id":20,"x":661,"y":385,"txt":"Touch6","type":1507558},{"id":21,"x":839,"y":385,"txt":"Touch7","type":1507558},{"id":22,"x":1017,"y":385,"txt":"Touch8","type":1507558},{"id":23,"x":483,"y":563,"txt":"Touch9","type":1507558},{"id":24,"x":661,"y":563,"txt":"Touch10","type":1507558},{"id":25,"x":839,"y":563,"txt":"Touch11","type":1507558},{"id":26,"x":1017,"y":563,"txt":"Touch12","type":1507558},{"id":27,"x":330,"y":207,"txt":"D1","type":1507559,"typeOverride":{"subidx":0,"disp":{"w":60,"h":90,"subidx":0,"type":"color","txtborder":7}}},{"id":28,"x":330,"y":385,"txt":"D2","type":1507559,"typeOverride":{"subidx":0,"disp":{"w":60,"h":90,"subidx":0,"type":"color","shrink":2,"txtborder":7}}},{"id":29,"x":330,"y":563,"txt":"D3","type":1507559,"typeOverride":{"subidx":0,"disp":{"w":60,"h":90,"subidx":0,"type":"color","shrink":2,"txtborder":7}}},{"id":30,"x":1170,"y":207,"txt":"D4","type":1507559,"typeOverride":{"subidx":0,"disp":{"w":60,"h":90,"subidx":0,"type":"color","txtborder":7}}},{"id":31,"x":1170,"y":385,"txt":"D5","type":1507559,"typeOverride":{"subidx":0,"disp":{"w":60,"h":90,"subidx":0,"type":"color","shrink":2,"txtborder":7}}},{"id":32,"x":1170,"y":563,"txt":"D6","type":1507559,"typeOverride":{"subidx":0,"disp":{"w":60,"h":90,"subidx":0,"type":"color","shrink":2,"txtborder":7}}},{"id":33,"x":1580,"y":385,"txt":"Fader1","type":1507560},{"id":34,"x":1720,"y":385,"txt":"Fader2","type":1507560}],"typeIndex":{"1507556":{"w":120,"out":"rgb","in":"b","desc":"LoupeDeck Button","subidx":0},"1507557":{"w":140,"in":"pb","desc":"LoupeDeck Encoder","subidx":0},"1507558":{"w":150,"h":150,"out":"rgb","in":"b4","desc":"LoupeDeck Touch Button","subidx":0,"disp":{"w":90,"h":72,"subidx":0,"type":"color"},"sub":[{"_":"r","_x":-70,"_y":-35,"_w":141,"_h":111,"rx":5,"ry":5,"style":"fill:rgb(33,33,33);"}]},"1507559":{"w":110,"h":150,"desc":"LoupeDeck Display Tile","subidx":0},"1507560":{"w":30,"h":510,"in":"av","desc":"LoupeDeck Display Fader","ext":"pos","subidx":0,"sub":[{"_":"r","_x":-37,"_y":-123,"_w":75,"_h":125}]}},"NoUnisketchCompt":false}