{
    "HWc": [
        {
            "id": 1,
            "x": 257,
            "y": 215,
            "txt": "Btn 1",
            "type": 1005
        },
        {
            "id": 2,
            "x": 552,
            "y": 215,
            "txt": "Btn 2",
            "type": 1005
        },
        {
            "id": 3,
            "x": 847,
            "y": 215,
            "txt": "Btn 3",
            "type": 1005
        },
        {
            "id": 4,
            "x": 1142,
            "y": 215,
            "txt": "Btn 4",
            "type": 1005
        },
        {
            "id": 5,
            "x": 257,
            "y": 425,
            "txt": "Btn 5",
            "type": 1005
        },
        {
            "id": 6,
            "x": 552,
            "y": 425,
            "txt": "Btn 6",
            "type": 1005
        },
        {
            "id": 7,
            "x": 847,
            "y": 425,
            "txt": "Btn 7",
            "type": 1005
        },
        {
            "id": 8,
            "x": 1142,
            "y": 425,
            "txt": "Btn 8",
            "type": 1005
        },
        {
            "id": 9,
            "x": 257,
            "y": 1070,
            "txt": "Enc 1",
            "type": 1006
        },
        {
            "id": 10,
            "x": 552,
            "y": 1070,
            "txt": "Enc 2",
            "type": 1006
        },
        {
            "id": 11,
            "x": 847,
            "y": 1070,
            "txt": "Enc 3",
            "type": 1006
        },
        {
            "id": 12,
            "x": 1142,
            "y": 1070,
            "txt": "Enc 4",
            "type": 1006
        },
        {
            "id": 13,
            "x": 700,
            "y": 705,
            "txt": "Full Display",
            "type": 1007
        },
        {
            "id": 14,
            "x": 700,
            "y": 580,
            "txt": "Full Swipe",
            "type": 1008
        },
        {
            "id": 15,
            "x": 295,
            "y": 705,
            "txt": "Disp 1",
            "type": 1009,
            "typeOverride": {
                "disp": {
                    "w": 100,
                    "h": 50,
                    "type": "color",
                    "shrink": 1
                },
                "sub": [
                    {
                        "_": "d",
                        "_x": -135,
                        "_y": -70,
                        "_w": 270,
                        "_h": 140
                    }
                ]
            }
        },
        {
            "id": 16,
            "x": 565,
            "y": 705,
            "txt": "Disp 2",
            "type": 1009,
            "typeOverride": {
                "disp": {
                    "w": 100,
                    "h": 50,
                    "type": "color",
                    "shrink": 1
                },
                "sub": [
                    {
                        "_": "d",
                        "_x": -135,
                        "_y": -70,
                        "_w": 270,
                        "_h": 140
                    }
                ]
            }
        },
        {
            "id": 17,
            "x": 835,
            "y": 705,
            "txt": "Disp 3",
            "type": 1009,
            "typeOverride": {
                "disp": {
                    "w": 100,
                    "h": 50,
                    "type": "color",
                    "shrink": 1
                },
                "sub": [
                    {
                        "_": "d",
                        "_x": -135,
                        "_y": -70,
                        "_w": 270,
                        "_h": 140
                    }
                ]
            }
        },
        {
            "id": 18,
            "x": 1105,
            "y": 705,
            "txt": "Disp 4",
            "type": 1009,
            "typeOverride": {
                "disp": {
                    "w": 100,
                    "h": 50,
                    "type": "color"
                },
                "sub": [
                    {
                        "_": "d",
                        "_x": -135,
                        "_y": -70,
                        "_w": 270,
                        "_h": 140
                    }
                ]
            }
        },
        {
            "id": 19,
            "x": 295,
            "y": 830,
            "txt": "Swipe 1",
            "type": 1010
        },
        {
            "id": 20,
            "x": 565,
            "y": 830,
            "txt": "Swipe 2",
            "type": 1010
        },
        {
            "id": 21,
            "x": 835,
            "y": 830,
            "txt": "Swipe 3",
            "type": 1010
        },
        {
            "id": 22,
            "x": 1105,
            "y": 830,
            "txt": "Swipe 4",
            "type": 1010
        }
    ],
    "typeIndex": {
        "1005": {
            "w": 190,
            "h": 190,
            "in": "b",
            "desc": "StreamDeck Button",
            "disp": {
                "w": 60,
                "h": 60,
                "type": "color",
                "txtborder": 3
            },
            "sub": [
                {
                    "_": "r",
                    "_x": -95,
                    "_y": -95,
                    "_w": 190,
                    "_h": 190,
                    "rx": 5,
                    "ry": 5,
                    "style": "fill:rgb(33,33,33);"
                }
            ],
            "render": "invtxt"
        },
        "1006": {
            "w": 150,
            "in": "pb",
            "desc": "StreamDeck Encoder"
        },
        "1007": {
            "w": 1080,
            "h": 140,
            "desc": "Large display",
            "disp": {
                "w": 400,
                "h": 50,
                "type": "color"
            },
            "sub": [
                {
                    "_": "d",
                    "_x": -540,
                    "_y": -70,
                    "_w": 1080,
                    "_h": 140
                }
            ]
        },
        "1008": {
            "w": 1060,
            "h": 40,
            "in": "p",
            "desc": "StreamDeck Swipe Encoder"
        },
        "1009": {
            "w": 230,
            "h": 110,
            "desc": "Tiles display",
            "disp": {
                "w": 200,
                "h": 100,
                "subidx": -1,
                "type": "color"
            }
        },
        "1010": {
            "w": 240,
            "h": 40,
            "in": "pb",
            "desc": "StreamDeck Swipe Encoder"
        }
    },
    "NoUnisketchCompt": false
}