{"HWc":[{"id":1,"x":240,"y":300,"txt":"Btn 1","type":1005},{"id":2,"x":435,"y":300,"txt":"Btn 2","type":1005},{"id":3,"x":630,"y":300,"txt":"Btn 3","type":1005},{"id":4,"x":825,"y":300,"txt":"Btn 4","type":1005},{"id":5,"x":1020,"y":300,"txt":"Btn 5","type":1005},{"id":6,"x":1215,"y":300,"txt":"Btn 6","type":1005},{"id":7,"x":1410,"y":300,"txt":"Btn 7","type":1005},{"id":8,"x":1605,"y":300,"txt":"Btn 8","type":1005},{"id":9,"x":240,"y":490,"txt":"Btn 9","type":1005},{"id":10,"x":435,"y":490,"txt":"Btn 10","type":1005},{"id":11,"x":630,"y":490,"txt":"Btn 11","type":1005},{"id":12,"x":825,"y":490,"txt":"Btn 12","type":1005},{"id":13,"x":1020,"y":490,"txt":"Btn 13","type":1005},{"id":14,"x":1215,"y":490,"txt":"Btn 14","type":1005},{"id":15,"x":1410,"y":490,"txt":"Btn 15","type":1005},{"id":16,"x":1605,"y":490,"txt":"Btn 16","type":1005},{"id":17,"x":240,"y":680,"txt":"Btn 17","type":1005},{"id":18,"x":435,"y":680,"txt":"Btn 18","type":1005},{"id":19,"x":630,"y":680,"txt":"Btn 19","type":1005},{"id":20,"x":825,"y":680,"txt":"Btn 20","type":1005},{"id":21,"x":1020,"y":680,"txt":"Btn 21","type":1005},{"id":22,"x":1215,"y":680,"txt":"Btn 22","type":1005},{"id":23,"x":1410,"y":680,"txt":"Btn 23","type":1005},{"id":24,"x":1605,"y":680,"txt":"Btn 24","type":1005},{"id":25,"x":240,"y":870,"txt":"Btn 25","type":1005},{"id":26,"x":435,"y":870,"txt":"Btn 26","type":1005},{"id":27,"x":630,"y":870,"txt":"Btn 27","type":1005},{"id":28,"x":825,"y":870,"txt":"Btn 28","type":1005},{"id":29,"x":1020,"y":870,"txt":"Btn 29","type":1005},{"id":30,"x":1215,"y":870,"txt":"Btn 30","type":1005},{"id":31,"x":1410,"y":870,"txt":"Btn 31","type":1005},{"id":32,"x":1605,"y":870,"txt":"Btn 32","type":1005}],"typeIndex":{"1005":{"w":160,"h":160,"out":"rgb","in":"b","desc":"StreamDeck Button","disp":{"w":96,"h":76,"type":"color","txtborder":5},"sub":[{"_":"r","_x":-75,"_y":-41,"_w":150,"_h":116,"rx":5,"ry":5,"style":"fill:rgb(33,33,33);"}],"render":"invtxt"}},"NoUnisketchCompt":false}