{"HWc":[{"id":1,"x":167,"y":375,"txt":"A","type":13},{"id":2,"x":340,"y":375,"txt":"B","type":13},{"id":3,"x":514,"y":375,"txt":"C","type":13},{"id":4,"x":115,"y":530,"txt":"1","type":9},{"id":5,"x":265,"y":530,"txt":"2","type":9},{"id":6,"x":415,"y":530,"txt":"3","type":9},{"id":7,"x":565,"y":530,"txt":"4","type":9},{"id":8,"x":120,"y":852,"txt":"Enc1","type":14},{"id":9,"x":340,"y":852,"txt":"Enc2","type":14},{"id":10,"x":560,"y":852,"txt":"Enc3","type":14},{"id":11,"x":340,"y":1115,"txt":"ID Display","type":34},{"id":12,"x":560,"y":1342,"txt":"Enc4","type":15},{"id":13,"x":422,"y":1903,"txt":"Joystick","type":90},{"id":14,"x":422,"y":1923,"txt":"Wheel","type":91},{"id":15,"x":422,"y":1923,"txt":"Button","type":92},{"id":16,"x":188,"y":1339,"txt":"Display","type":30},{"id":17,"x":138,"y":1339,"txt":"D1","type":70},{"id":18,"x":238,"y":1339,"txt":"D2","type":70},{"id":19,"x":107,"y":1661,"txt":"Act","type":6},{"id":20,"x":107,"y":1786,"txt":"Rel","type":6},{"id":21,"x":107,"y":1911,"txt":"Auto","type":6},{"id":22,"x":107,"y":2156,"txt":"PRV","type":1},{"id":23,"x":830,"y":100,"txt":"EXT IO Out","type":40},{"id":24,"x":830,"y":150,"txt":"EXT IO In","type":40},{"id":25,"x":830,"y":250,"txt":"Cam Select","type":40},{"id":26,"x":422,"y":1923,"txt":"","type":17},{"id":27,"x":150,"y":25,"txt":"Controller","type":250},{"id":28,"x":830,"y":350,"txt":"Virtual 1","type":251},{"id":29,"x":830,"y":400,"txt":"Virtual 2","type":251},{"id":30,"x":830,"y":450,"txt":"Virtual 3","type":251},{"id":31,"x":830,"y":500,"txt":"Virtual 4","type":251},{"id":32,"x":830,"y":550,"txt":"Virtual 5","type":251}],"typeIndex":{"1":{"w":120,"h":120,"out":"rgb","in":"b","desc":"Sculptured Hard Cap Button"},"6":{"w":60,"h":60,"out":"mono","in":"b"},"9":{"w":100,"h":100,"out":"rgb","in":"b","desc":"Elastomer Button"},"13":{"w":100,"h":100,"out":"rgb","in":"b","disp":{"w":64,"h":32,"subidx":0},"desc":"Elastomer Button","sub":[{"_":"r","_x":-67,"_y":-186,"_w":134,"_h":76,"rx":5,"ry":5,"style":"fill:rgb(33,33,33);"}]},"14":{"w":160,"out":"rgb","in":"pb","disp":{"w":64,"h":32,"subidx":0},"desc":"Encoder","sub":[{"_":"r","_x":-67,"_y":-190,"_w":134,"_h":76,"rx":5,"ry":5,"style":"fill:rgb(33,33,33);"}]},"15":{"w":160,"out":"rgb","in":"pb","desc":"Encoder"},"17":{"w":400,"in":"pb","desc":"Encoder"},"30":{"w":246,"h":78,"disp":{"w":128,"h":32},"desc":"OLED Display Tile"},"34":{"w":508,"h":142},"40":{"w":250,"h":40,"in":"gpi","desc":"Opto-isolated Input (to GND)"},"70":{"w":90,"h":60,"disp":{"w":64,"h":32},"desc":"OLED Display Tile"},"90":{"w":350,"h":490,"in":"av","desc":"Joystick fader","sub":[{"_":"r","_x":-75,"_y":-245,"_w":150,"_h":490}]},"91":{"w":350,"in":"ah","desc":"Joystick wheel"},"92":{"w":120,"in":"b","desc":"Joystick top button"},"250":{"w":214,"h":34,"desc":"Controller / Module","sub":[{"_":"r","_x":-105,"_y":-15,"_w":210,"_h":30,"rx":5,"ry":5,"style":"fill:rgb(103,118,131);"}]},"251":{"w":250,"h":40,"desc":"Virtual"}}}