{"HWc":[{"id":1,"x":218,"y":524,"txt":"1|6","type":2},{"id":2,"x":371,"y":524,"txt":"2|7","type":2},{"id":3,"x":525,"y":524,"txt":"3|8","type":2},{"id":4,"x":679,"y":524,"txt":"4|9","type":2},{"id":5,"x":832,"y":524,"txt":"5|10","type":2},{"id":6,"x":1053,"y":524,"txt":"CUT|AUTO","type":2},{"id":7,"x":755,"y":322,"txt":"SHIFT","type":2},{"id":8,"x":360,"y":322,"txt":"SmartMenu","type":50},{"id":9,"x":1008,"y":285,"txt":"Display","type":30},{"id":10,"x":958,"y":285,"txt":"D1","type":70},{"id":11,"x":1058,"y":285,"txt":"D2","type":70}],"typeIndex":{"2":{"w":150,"h":150,"out":"rgb","in":"b","desc":"Sculptured Hard Cap Button"},"30":{"w":246,"h":78,"disp":{"w":128,"h":32},"desc":"OLED Display Tile"},"50":{"w":430,"h":230,"sub":[{"_":"c","_x":110,"_y":0,"r":80},{"_":"r","_x":-200,"_y":-95,"_w":200,"_h":190,"rx":10,"ry":10},{"_":"r","_x":-185,"_y":-70,"_w":170,"_h":160,"rx":10,"ry":10}]},"70":{"w":90,"h":60,"disp":{"w":64,"h":32},"desc":"OLED Display Tile"}}}