{"HWc":[{"id":1,"x":493,"y":490,"txt":"CAM|1","type":3,"typeOverride":{"out":"rg"}},{"id":2,"x":671,"y":490,"txt":"CAM|2","type":3,"typeOverride":{"out":"rg"}},{"id":3,"x":493,"y":668,"txt":"CAM|3","type":3,"typeOverride":{"out":"rg"}},{"id":4,"x":671,"y":668,"txt":"CAM|4","type":3,"typeOverride":{"out":"rg"}},{"id":5,"x":493,"y":846,"txt":"CAM|5","type":3,"typeOverride":{"out":"rg"}},{"id":6,"x":671,"y":846,"txt":"CAM|6","type":3,"typeOverride":{"out":"rg"}},{"id":7,"x":493,"y":1023,"txt":"CAM|7","type":3,"typeOverride":{"out":"rg"}},{"id":8,"x":671,"y":1023,"txt":"CAM|8","type":3,"typeOverride":{"out":"rg"}},{"id":9,"x":1043,"y":700,"txt":"Enc1","type":15},{"id":10,"x":1293,"y":700,"txt":"Enc2","type":15},{"id":11,"x":1543,"y":700,"txt":"Enc3","type":15},{"id":12,"x":1793,"y":700,"txt":"Enc4","type":15},{"id":13,"x":1043,"y":462,"txt":"Disp1","type":33},{"id":14,"x":1293,"y":462,"txt":"Disp2","type":33},{"id":15,"x":1543,"y":462,"txt":"Disp3","type":33},{"id":16,"x":1793,"y":459,"txt":"Disp4","type":33},{"id":17,"x":1135,"y":1012,"txt":"Display 5","type":30},{"id":18,"x":1085,"y":1012,"txt":"D5A","type":70},{"id":19,"x":1185,"y":1012,"txt":"D5B","type":70},{"id":20,"x":1635,"y":1012,"txt":"Display 6","type":30},{"id":21,"x":1585,"y":1012,"txt":"D6A","type":70},{"id":22,"x":1685,"y":1012,"txt":"D6B","type":70},{"id":23,"x":1129,"y":1346,"txt":"Black","type":16},{"id":24,"x":1629,"y":1346,"txt":"Iris","type":17},{"id":25,"x":2100,"y":1125,"txt":"Limit","type":15,"typeOverride":{"out":"-"}},{"id":26,"x":2231,"y":671,"txt":"Rocker|Menu","type":54},{"id":27,"x":2730,"y":100,"txt":"","type":41},{"id":28,"x":2730,"y":140,"txt":"","type":41},{"id":29,"x":2730,"y":180,"txt":"","type":41},{"id":30,"x":2730,"y":220,"txt":"","type":41},{"id":31,"x":2730,"y":260,"txt":"","type":41},{"id":32,"x":2730,"y":300,"txt":"","type":41},{"id":33,"x":2730,"y":340,"txt":"","type":41},{"id":34,"x":2730,"y":380,"txt":"","type":41},{"id":35,"x":2730,"y":450,"txt":"","type":40},{"id":36,"x":2730,"y":490,"txt":"","type":40},{"id":37,"x":2730,"y":530,"txt":"","type":40},{"id":38,"x":2730,"y":570,"txt":"","type":40},{"id":39,"x":2730,"y":610,"txt":"","type":40},{"id":40,"x":2730,"y":650,"txt":"","type":40},{"id":41,"x":2730,"y":690,"txt":"","type":40},{"id":42,"x":2730,"y":730,"txt":"","type":40},{"id":43,"x":2730,"y":780,"txt":"","type":40,"typeOverride":{"in":"a,steps=16"}},{"id":44,"x":450,"y":25,"txt":"Controller","type":250}],"typeIndex":{"3":{"w":174,"h":174,"out":"rgb","in":"b","desc":"Sculptured Hard Cap Button"},"15":{"w":160,"out":"rgb","in":"pb","desc":"Encoder"},"16":{"w":240,"in":"pb","desc":"Encoder"},"17":{"w":400,"in":"pb","desc":"Encoder"},"30":{"w":246,"h":78,"disp":{"w":128,"h":32},"desc":"OLED Display Tile"},"33":{"w":142,"h":123,"out":"rgb","disp":{"w":64,"h":32},"desc":"LCD Display"},"40":{"w":250,"h":40,"in":"gpi","desc":"Opto-isolated Input (to GND)"},"41":{"w":250,"h":40,"out":"gpo","desc":"Relay Output (to GND)"},"54":{"w":377,"h":510,"sub":[{"_":"r","_x":-150,"_y":-192,"_w":300,"_h":384,"rx":5,"ry":5},{"_":"r","_x":-110,"_y":-77,"_w":220,"_h":153,"rx":5,"ry":5}]},"70":{"w":90,"h":60,"disp":{"w":64,"h":32},"desc":"OLED Display Tile"},"250":{"w":214,"h":34,"desc":"Controller / Module","sub":[{"_":"r","_x":-105,"_y":-15,"_w":210,"_h":30,"rx":5,"ry":5,"style":"fill:rgb(103,118,131);"}]}}}