{"HWc":[{"id":1,"x":161,"y":350,"txt":"AUTO","type":3},{"id":2,"x":339,"y":350,"txt":"CUT","type":3},{"id":3,"x":150,"y":907,"txt":"SSW1","type":10},{"id":4,"x":350,"y":907,"txt":"SSW2","type":10},{"id":5,"x":250,"y":630,"txt":"Joystick X","type":93},{"id":6,"x":250,"y":630,"txt":"Joystick Y","type":94},{"id":7,"x":250,"y":630,"txt":"Joystick Top","type":95},{"id":8,"x":161,"y":1158,"txt":"1","type":3},{"id":9,"x":339,"y":1158,"txt":"2","type":3},{"id":10,"x":161,"y":1336,"txt":"3","type":3},{"id":11,"x":339,"y":1336,"txt":"4","type":3}],"typeIndex":{"3":{"w":174,"h":174,"out":"rgb","in":"b","desc":"Sculptured Hard Cap Button"},"10":{"w":200,"h":190,"in":"b","out":"rgb","disp":{"w":64,"h":32,"subidx":0},"desc":"LCD SmartSwitch Button","sub":[{"_":"r","_x":-85,"_y":-70,"_w":170,"_h":140,"rx":10,"ry":10}]},"93":{"w":220,"in":"ih"},"94":{"w":200,"in":"iv"},"95":{"w":100,"in":"b"}}}