{"HWc":[{"id":1,"x":247,"y":1155,"txt":"1||L","type":3},{"id":2,"x":425,"y":1155,"txt":"2||L","type":3},{"id":3,"x":602,"y":1155,"txt":"3||L","type":3},{"id":4,"x":780,"y":1155,"txt":"4||L","type":3},{"id":5,"x":958,"y":1155,"txt":"5||L","type":3},{"id":6,"x":1135,"y":1155,"txt":"6||L","type":3},{"id":7,"x":1313,"y":1155,"txt":"7||L","type":3},{"id":8,"x":1490,"y":1155,"txt":"8||L","type":3},{"id":9,"x":1668,"y":1155,"txt":"9","type":3},{"id":10,"x":1846,"y":1155,"txt":"10||L","type":3},{"id":11,"x":2023,"y":1155,"txt":"11||L","type":3},{"id":12,"x":2201,"y":1155,"txt":"12||L","type":3},{"id":13,"x":247,"y":850,"txt":"1||L","type":3},{"id":14,"x":425,"y":850,"txt":"2||L","type":3},{"id":15,"x":602,"y":850,"txt":"3||L","type":3},{"id":16,"x":780,"y":850,"txt":"4||L","type":3},{"id":17,"x":958,"y":850,"txt":"5||L","type":3},{"id":18,"x":1135,"y":850,"txt":"6||L","type":3},{"id":19,"x":1313,"y":850,"txt":"7||L","type":3},{"id":20,"x":1490,"y":850,"txt":"8||L","type":3},{"id":21,"x":1668,"y":850,"txt":"9||L","type":3},{"id":22,"x":1846,"y":850,"txt":"10||L","type":3},{"id":23,"x":2023,"y":850,"txt":"11||L","type":3},{"id":24,"x":2201,"y":850,"txt":"12||L","type":3},{"id":25,"x":247,"y":425,"txt":"M/E 1","type":3},{"id":26,"x":425,"y":425,"txt":"M/E 2","type":3},{"id":27,"x":602,"y":425,"txt":"AUX1","type":3},{"id":28,"x":780,"y":425,"txt":"AUX2","type":3},{"id":29,"x":958,"y":425,"txt":"AUX3","type":3},{"id":30,"x":1135,"y":425,"txt":"MACRO","type":3},{"id":31,"x":1313,"y":425,"txt":"COL1|COL2","type":3},{"id":32,"x":1490,"y":425,"txt":"BLACK|BARS","type":3},{"id":33,"x":1668,"y":425,"txt":"SUPER|SOURCE","type":3},{"id":34,"x":1846,"y":425,"txt":"PIP","type":3},{"id":35,"x":2023,"y":425,"txt":"MP1","type":3},{"id":36,"x":2201,"y":425,"txt":"MP2","type":3},{"id":37,"x":2616,"y":903,"txt":"TBAR","type":27},{"id":38,"x":3345,"y":420,"txt":"Encoder Menu","type":56},{"id":39,"x":3468,"y":760,"txt":"SSW1","type":10},{"id":40,"x":3663,"y":760,"txt":"SSW2","type":10},{"id":41,"x":3021,"y":1156,"txt":"CUT||M","type":3},{"id":42,"x":3021,"y":759,"txt":"AUTO||M","type":3},{"id":43,"x":3325,"y":1013,"txt":"DSK1","type":2},{"id":44,"x":3479,"y":1013,"txt":"DSK2","type":2},{"id":45,"x":3325,"y":1167,"txt":"KEY1","type":2},{"id":46,"x":3479,"y":1167,"txt":"KEY2","type":2},{"id":47,"x":3689,"y":1013,"txt":"FTB","type":2},{"id":48,"x":3689,"y":1167,"txt":"SHIFT","type":2}],"typeIndex":{"2":{"w":150,"h":150,"out":"rgb","in":"b","desc":"Sculptured Hard Cap Button"},"3":{"w":174,"h":174,"out":"rgb","in":"b","desc":"Sculptured Hard Cap Button"},"10":{"w":200,"h":190,"in":"b","out":"rgb","disp":{"w":64,"h":32,"subidx":0},"desc":"LCD SmartSwitch Button","sub":[{"_":"r","_x":-85,"_y":-70,"_w":170,"_h":140,"rx":10,"ry":10}]},"27":{"w":58,"h":600,"in":"av","subidx":0,"desc":"T-bar","sub":[{"_":"r","_x":-210,"_y":72,"_w":420,"_h":157}]},"56":{"w":851,"h":361,"sub":[{"_":"r","_x":-400,"_y":-71,"_w":508,"_h":142,"rx":5,"ry":5},{"_":"c","_x":320,"_y":-82,"r":80},{"_":"c","_x":320,"_y":82,"r":80}]}}}