{"HWc":[{"id":1,"x":230,"y":220,"txt":"Btn 1","type":1005},{"id":2,"x":425,"y":220,"txt":"Btn 2","type":1005},{"id":3,"x":620,"y":220,"txt":"Btn 3","type":1005},{"id":4,"x":230,"y":410,"txt":"Btn 4","type":1005},{"id":5,"x":425,"y":410,"txt":"Btn 5","type":1005},{"id":6,"x":620,"y":410,"txt":"Btn 6","type":1005}],"typeIndex":{"1005":{"w":160,"h":160,"out":"rgb","in":"b","desc":"StreamDeck Button","disp":{"w":80,"h":64,"type":"color","txtborder":4},"sub":[{"_":"r","_x":-76,"_y":-44,"_w":152,"_h":120,"rx":5,"ry":5,"style":"fill:rgb(33,33,33);"}],"render":"invtxt"}},"NoUnisketchCompt":false}