{"HWc":[{"id":1,"x":340,"y":425,"txt":"Out 1","type":41},{"id":2,"x":340,"y":385,"txt":"Out 2","type":41},{"id":3,"x":340,"y":345,"txt":"Out 3","type":41},{"id":4,"x":340,"y":305,"txt":"Out 4","type":41},{"id":5,"x":340,"y":265,"txt":"Out 5","type":41},{"id":6,"x":340,"y":225,"txt":"Out 6","type":41},{"id":7,"x":340,"y":185,"txt":"Out 7","type":41},{"id":8,"x":340,"y":145,"txt":"Out 8","type":41},{"id":9,"x":600,"y":425,"txt":"In 1","type":40},{"id":10,"x":600,"y":385,"txt":"In 2","type":40},{"id":11,"x":600,"y":345,"txt":"In 3","type":40},{"id":12,"x":600,"y":305,"txt":"In 4","type":40},{"id":13,"x":600,"y":265,"txt":"In 5","type":40},{"id":14,"x":600,"y":225,"txt":"In 6","type":40},{"id":15,"x":600,"y":185,"txt":"In 7","type":40},{"id":16,"x":600,"y":145,"txt":"In 8","type":40},{"id":17,"x":600,"y":485,"txt":"In 1-4 Binary","type":40,"typeOverride":{"in":"a,steps=16"}}],"typeIndex":{"40":{"w":250,"h":40,"in":"gpi","desc":"Opto-isolated Input (to GND)"},"41":{"w":250,"h":40,"out":"gpo","desc":"Relay Output (to GND)"}}}