{"HWc":[{"id":1,"x":205,"y":594,"txt":"1","type":4},{"id":2,"x":330,"y":594,"txt":"2","type":4},{"id":3,"x":455,"y":594,"txt":"3","type":4},{"id":4,"x":580,"y":594,"txt":"4","type":4},{"id":5,"x":705,"y":594,"txt":"5","type":4},{"id":6,"x":830,"y":594,"txt":"6","type":4},{"id":7,"x":205,"y":405,"txt":"1","type":4},{"id":8,"x":330,"y":405,"txt":"2","type":4},{"id":9,"x":455,"y":405,"txt":"3","type":4},{"id":10,"x":580,"y":405,"txt":"4","type":4},{"id":11,"x":705,"y":405,"txt":"5","type":4},{"id":12,"x":830,"y":405,"txt":"6","type":4},{"id":13,"x":1052,"y":594,"txt":"CUT","type":4},{"id":14,"x":1052,"y":405,"txt":"AUTO","type":4},{"id":15,"x":455,"y":216,"txt":"KEY1","type":4},{"id":16,"x":580,"y":216,"txt":"MEDIA1","type":4},{"id":17,"x":940,"y":216,"txt":"Slider","type":20}],"typeIndex":{"4":{"w":120,"h":120,"out":"mono","in":"b","desc":"Hard Cap Button"},"20":{"w":274,"h":30,"in":"ah","subidx":0,"desc":"Slider 20mm","sub":[{"_":"r","_x":-91,"_y":-63,"_w":100,"_h":125}]}}}