{"HWc":[{"id":1,"x":295,"y":442,"txt":"1","type":2,"typeOverride":{"out":"rg"}},{"id":2,"x":447,"y":442,"txt":"2","type":2,"typeOverride":{"out":"rg"}},{"id":3,"x":600,"y":442,"txt":"3","type":2,"typeOverride":{"out":"rg"}},{"id":4,"x":828,"y":442,"txt":"AUTO","type":2,"typeOverride":{"out":"rg"}},{"id":5,"x":295,"y":654,"txt":"4","type":2,"typeOverride":{"out":"rg"}},{"id":6,"x":447,"y":654,"txt":"5","type":2,"typeOverride":{"out":"rg"}},{"id":7,"x":600,"y":654,"txt":"6","type":2,"typeOverride":{"out":"rg"}},{"id":8,"x":828,"y":654,"txt":"CUT","type":2,"typeOverride":{"out":"rg"}},{"id":9,"x":1148,"y":540,"txt":"TBAR","type":27}],"typeIndex":{"2":{"w":150,"h":150,"out":"rgb","in":"b","desc":"Sculptured Hard Cap Button"},"27":{"w":58,"h":600,"in":"av","subidx":0,"desc":"T-bar","sub":[{"_":"r","_x":-210,"_y":72,"_w":420,"_h":157}]}}}