{"HWc":[{"id":201,"x":269,"y":300,"txt":"Home","type":2584857109},{"id":202,"x":269,"y":553,"txt":"Menu","type":2584857109},{"id":203,"x":269,"y":806,"txt":"Trans","type":2584857109},{"id":10,"x":610,"y":1041,"txt":"B1","type":390957641},{"id":11,"x":860,"y":1256,"txt":"B2","type":390957641},{"id":12,"x":1110,"y":1471,"txt":"B3","type":390957641}],"typeIndex":{"2584857109":{"w":233,"h":140,"out":"rgb","in":"b","desc":"Button","subidx":0},"390957641":{"w":400,"h":100,"out":"rgb","in":"b","desc":"Button","subidx":0}},"NoUnisketchCompt":false}