{"HWc":[{"id":1,"x":300,"y":343,"txt":"OLED|1","type":160,"typeOverride":{"disp":{"w":96,"h":64,"type":"color"},"sub":[{"_":"r","_x":-111,"_y":-98,"_w":222,"_h":196,"rx":10,"ry":10}]}},{"id":2,"x":300,"y":593,"txt":"OLED|2","type":160},{"id":3,"x":300,"y":843,"txt":"OLED|3","type":160,"typeOverride":{"disp":{"w":64,"h":32}}},{"id":4,"x":300,"y":1093,"txt":"OLED|4","type":160,"typeOverride":{"w":190,"h":180,"disp":{"w":64,"h":32},"sub":[{"_":"r","_x":-75,"_y":-64,"_w":150,"_h":128,"rx":7,"ry":7}]}},{"id":5,"x":300,"y":25,"txt":"","type":250}],"typeIndex":{"160":{"w":232,"h":206,"in":"b","out":"rgb","disp":{"w":64,"h":48,"subidx":0,"type":"color"},"desc":"Color OLED Switch","sub":[{"_":"r","_x":-101,"_y":-78,"_w":202,"_h":156,"rx":10,"ry":10}]},"250":{"w":214,"h":34,"desc":"Controller / Module","sub":[{"_":"r","_x":-105,"_y":-15,"_w":210,"_h":30,"rx":5,"ry":5,"style":"fill:rgb(103,118,131);"}]}}}