{"HWc":[{"id":1,"x":510,"y":534,"txt":"Details Display","type":32},{"id":2,"x":320,"y":484,"txt":"Q1","type":71},{"id":3,"x":700,"y":484,"txt":"Q2","type":71},{"id":4,"x":320,"y":584,"txt":"Q3","type":71},{"id":5,"x":700,"y":584,"txt":"Q4","type":71},{"id":6,"x":230,"y":484,"txt":"Q1A","type":72},{"id":7,"x":410,"y":484,"txt":"Q1B","type":72},{"id":8,"x":610,"y":484,"txt":"Q2A","type":72},{"id":9,"x":790,"y":484,"txt":"Q2B","type":72},{"id":10,"x":230,"y":584,"txt":"Q3A","type":72},{"id":11,"x":410,"y":584,"txt":"Q3B","type":72},{"id":12,"x":610,"y":584,"txt":"Q4A","type":72},{"id":13,"x":790,"y":584,"txt":"Q4B","type":72},{"id":14,"x":207,"y":773,"txt":"A","type":4},{"id":15,"x":407,"y":773,"txt":"B","type":4},{"id":16,"x":607,"y":773,"txt":"C","type":4},{"id":17,"x":807,"y":773,"txt":"D","type":4},{"id":18,"x":132,"y":973,"txt":"1","type":4},{"id":19,"x":282,"y":973,"txt":"2","type":4},{"id":20,"x":432,"y":973,"txt":"3","type":4},{"id":21,"x":582,"y":973,"txt":"4","type":4},{"id":22,"x":732,"y":973,"txt":"5","type":4},{"id":23,"x":882,"y":973,"txt":"6","type":4},{"id":24,"x":132,"y":1123,"txt":"7","type":4},{"id":25,"x":282,"y":1123,"txt":"8","type":4},{"id":26,"x":432,"y":1123,"txt":"9","type":4},{"id":27,"x":582,"y":1123,"txt":"10","type":4},{"id":28,"x":732,"y":1123,"txt":"11","type":4},{"id":29,"x":882,"y":1123,"txt":"12","type":4},{"id":30,"x":155,"y":1370,"txt":"Enc1","type":15},{"id":31,"x":425,"y":1370,"txt":"Enc2","type":15},{"id":32,"x":645,"y":1370,"txt":"Enc3","type":15},{"id":33,"x":865,"y":1370,"txt":"Enc4","type":15},{"id":34,"x":155,"y":1625,"txt":"Enc5","type":15},{"id":35,"x":425,"y":1625,"txt":"Enc6","type":15},{"id":36,"x":645,"y":1625,"txt":"Enc7","type":15},{"id":37,"x":865,"y":1625,"txt":"Enc8","type":15},{"id":38,"x":400,"y":1941,"txt":"ID Display","type":34},{"id":39,"x":200,"y":2210,"txt":"Enc9","type":15},{"id":40,"x":820,"y":2210,"txt":"Enc10","type":15},{"id":41,"x":656,"y":2887,"txt":"","type":17},{"id":42,"x":656,"y":2887,"txt":"Joystick","type":90},{"id":43,"x":656,"y":2907,"txt":"Wheel","type":91},{"id":44,"x":656,"y":2907,"txt":"Button","type":92},{"id":45,"x":510,"y":2202,"txt":"Display","type":30},{"id":46,"x":460,"y":2202,"txt":"D1","type":70},{"id":47,"x":560,"y":2202,"txt":"D2","type":70},{"id":48,"x":220,"y":3117,"txt":"PRV","type":3},{"id":49,"x":195,"y":2509,"txt":"a","type":1},{"id":50,"x":195,"y":2687,"txt":"Rel","type":1},{"id":51,"x":195,"y":2865,"txt":"c","type":1},{"id":52,"x":1170,"y":100,"txt":"EXT IO Out","type":40},{"id":53,"x":1170,"y":150,"txt":"EXT IO In","type":40},{"id":54,"x":1170,"y":250,"txt":"Cam Select","type":40},{"id":55,"x":150,"y":25,"txt":"Controller","type":250},{"id":56,"x":1170,"y":350,"txt":"Virtual 1","type":251},{"id":57,"x":1170,"y":400,"txt":"Virtual 2","type":251},{"id":58,"x":1170,"y":450,"txt":"Virtual 3","type":251},{"id":59,"x":1170,"y":500,"txt":"Virtual 4","type":251},{"id":60,"x":1170,"y":550,"txt":"Virtual 5","type":251}],"typeIndex":{"1":{"w":120,"h":120,"out":"rgb","in":"b","desc":"Sculptured Hard Cap Button"},"3":{"w":174,"h":174,"out":"rgb","in":"b","desc":"Sculptured Hard Cap Button"},"4":{"w":120,"h":120,"out":"mono","in":"b","desc":"Hard Cap Button"},"15":{"w":160,"out":"rgb","in":"pb","desc":"Encoder"},"17":{"w":400,"in":"pb","desc":"Encoder"},"30":{"w":246,"h":78,"disp":{"w":128,"h":32},"desc":"OLED Display Tile"},"32":{"w":787,"h":211,"disp":{"w":128,"h":32},"desc":"OLED Display"},"34":{"w":508,"h":142},"40":{"w":250,"h":40,"in":"gpi","desc":"Opto-isolated Input (to GND)"},"70":{"w":90,"h":60,"disp":{"w":64,"h":32},"desc":"OLED Display Tile"},"71":{"w":360,"h":90,"disp":{"w":128,"h":32},"desc":"OLED Display Tile"},"72":{"w":126,"h":70,"disp":{"w":64,"h":32},"desc":"OLED Display Tile"},"90":{"w":350,"h":490,"in":"av","desc":"Joystick fader","sub":[{"_":"r","_x":-75,"_y":-245,"_w":150,"_h":490}]},"91":{"w":350,"in":"ah","desc":"Joystick wheel"},"92":{"w":120,"in":"b","desc":"Joystick top button"},"250":{"w":214,"h":34,"desc":"Controller / Module","sub":[{"_":"r","_x":-105,"_y":-15,"_w":210,"_h":30,"rx":5,"ry":5,"style":"fill:rgb(103,118,131);"}]},"251":{"w":250,"h":40,"desc":"Virtual"}}}