[
	{
		"PanelIndex": 0,
		"HWCid": 1,
		"Period": 1000,
		"Jitter": 800,
		"BinaryPulseLength": 150,
		"BinaryEdges": "Top,Bottom,None"
	},
    {
        "PanelIndex": 0,
        "HWCid": 42,
        
        "Period": 60,
        "Jitter": 10,

        "RestPeriod": 500,
        "RestPeriodJitter": 200,
        "TargetTime": 1000,
        "TargetTimeJitter": 500,
        "Distance": 500,
        "DistanceJitter": 200
    },
    {
        "PanelIndex": 0,
        "HWCid": 43,

        "Period": 60,
        "Jitter": 10,

        "RestPeriod": 500,
        "RestPeriodJitter": 200,
        "TargetTime": 1000,
        "TargetTimeJitter": 500,
        "Distance": 500,
        "DistanceJitter": 200
    },
    {
		"PanelIndex": 0,
		"HWCid": 22,
		"Period": 1000,
		"Jitter": 500,

        "PulseValue": 0,
		"PulseValueJitter": 2
	},
    {
		"PanelIndex": 0,
		"HWCid": 23,
		"Period": 300,
		"Jitter": 500,

        "PulseValue": 1,
		"PulseValueJitter": 2
	},
    {
		"PanelIndex": 0,
		"HWCid": 25,
		"Period": 25,
		"Jitter": 0,

		"RestPeriod": 1000,
		"RestPeriodJitter": 500,
		"TargetTime": 1500,
		"TargetTimeJitter": 500,
		"Distance": 1000,
		"DistanceJitter": 200
	}
]