[
    {
        "PanelIndex": 0,
        "HWCid": 42,
        
        "Period": 60,
        "Jitter": 10,

        "RestPeriod": 500,
        "RestPeriodJitter": 200,
        "TargetTime": 1000,
        "TargetTimeJitter": 500,
        "Distance": 500,
        "DistanceJitter": 200
    },
    {
        "PanelIndex": 0,
        "HWCid": 43,

        "Period": 60,
        "Jitter": 10,

        "RestPeriod": 500,
        "RestPeriodJitter": 200,
        "TargetTime": 1000,
        "TargetTimeJitter": 500,
        "Distance": 500,
        "DistanceJitter": 200
    }
]