{"HWc":[{"id":1,"x":200,"y":250,"txt":"Btn 1","type":1005},{"id":2,"x":395,"y":250,"txt":"Btn 2","type":1005},{"id":3,"x":590,"y":250,"txt":"Btn 3","type":1005},{"id":4,"x":785,"y":250,"txt":"Btn 4","type":1005},{"id":5,"x":980,"y":250,"txt":"Btn 5","type":1005},{"id":6,"x":200,"y":440,"txt":"Btn 6","type":1005},{"id":7,"x":395,"y":440,"txt":"Btn 7","type":1005},{"id":8,"x":590,"y":440,"txt":"Btn 8","type":1005},{"id":9,"x":785,"y":440,"txt":"Btn 9","type":1005},{"id":10,"x":980,"y":440,"txt":"Btn 10","type":1005},{"id":11,"x":200,"y":630,"txt":"Btn 11","type":1005},{"id":12,"x":395,"y":630,"txt":"Btn 12","type":1005},{"id":13,"x":590,"y":630,"txt":"Btn 13","type":1005},{"id":14,"x":785,"y":630,"txt":"Btn 14","type":1005},{"id":15,"x":980,"y":630,"txt":"Btn 15","type":1005}],"typeIndex":{"1005":{"w":160,"h":160,"out":"rgb","in":"b","desc":"StreamDeck Button","disp":{"w":72,"h":57,"type":"color","txtborder":3},"sub":[{"_":"r","_x":-76,"_y":-42,"_w":153,"_h":119,"rx":5,"ry":5,"style":"fill:rgb(33,33,33);"}],"render":"invtxt"}},"NoUnisketchCompt":false}