{"HWc":[{"id":1,"x":375,"y":270,"txt":"1","type":12},{"id":2,"x":625,"y":270,"txt":"2","type":12},{"id":3,"x":875,"y":270,"txt":"3","type":12},{"id":4,"x":1125,"y":270,"txt":"4","type":12},{"id":5,"x":1375,"y":270,"txt":"5","type":12},{"id":6,"x":1625,"y":270,"txt":"6","type":12},{"id":7,"x":1875,"y":270,"txt":"7","type":12},{"id":8,"x":2125,"y":270,"txt":"8","type":12},{"id":9,"x":2375,"y":270,"txt":"9","type":12},{"id":10,"x":2625,"y":270,"txt":"10","type":12},{"id":11,"x":664,"y":639,"txt":"A","type":9},{"id":12,"x":814,"y":639,"txt":"B","type":9},{"id":13,"x":964,"y":639,"txt":"C","type":9},{"id":14,"x":1114,"y":639,"txt":"D","type":9},{"id":15,"x":1314,"y":639,"txt":"E","type":9},{"id":16,"x":664,"y":789,"txt":"F","type":9},{"id":17,"x":814,"y":789,"txt":"G","type":9},{"id":18,"x":964,"y":789,"txt":"H","type":9},{"id":19,"x":1114,"y":789,"txt":"I","type":9},{"id":20,"x":1314,"y":789,"txt":"J","type":9},{"id":21,"x":1710,"y":764,"txt":"Enc1","type":14},{"id":22,"x":1960,"y":764,"txt":"Enc2","type":14},{"id":23,"x":1700,"y":1580,"txt":"Out1 (p23)","type":41},{"id":24,"x":1700,"y":1620,"txt":"Out2 (p22)","type":41},{"id":25,"x":1700,"y":1660,"txt":"Out3 (p21)","type":41},{"id":26,"x":1700,"y":1700,"txt":"Out4 (p20)","type":41},{"id":27,"x":1700,"y":1740,"txt":"Out5 (p19)","type":41},{"id":28,"x":1700,"y":1780,"txt":"Out6 (p18)","type":41},{"id":29,"x":1700,"y":1820,"txt":"Out7 (p17)","type":41},{"id":30,"x":1700,"y":1860,"txt":"Out8 (p16)","type":41},{"id":31,"x":2000,"y":1580,"txt":"In1 (p10)","type":40},{"id":32,"x":2000,"y":1620,"txt":"In2 (p9)","type":40},{"id":33,"x":2000,"y":1660,"txt":"In3 (p8)","type":40},{"id":34,"x":2000,"y":1700,"txt":"In4 (p7)","type":40},{"id":35,"x":2000,"y":1740,"txt":"In5 (p6)","type":40},{"id":36,"x":2000,"y":1780,"txt":"In6 (p5)","type":40},{"id":37,"x":2000,"y":1820,"txt":"In7 (p4)","type":40},{"id":38,"x":2000,"y":1860,"txt":"In8 (p3)","type":40},{"id":39,"x":2000,"y":1910,"txt":"In1-4 Binary","type":40,"typeOverride":{"in":"a,steps=16"}},{"id":40,"x":2800,"y":25,"txt":"Controller","type":250},{"id":41,"x":400,"y":50,"txt":"Section 1","type":250},{"id":42,"x":730,"y":550,"txt":"Section 2","type":250}],"typeIndex":{"9":{"w":100,"h":100,"out":"rgb","in":"b","desc":"Elastomer Button"},"12":{"w":150,"h":150,"out":"rgb","in":"b","disp":{"w":64,"h":32,"subidx":0},"desc":"Elastomer Button","sub":[{"_":"r","_x":-67,"_y":-190,"_w":134,"_h":76,"rx":5,"ry":5,"style":"fill:rgb(33,33,33);"}]},"14":{"w":160,"out":"rgb","in":"pb","disp":{"w":64,"h":32,"subidx":0},"desc":"Encoder","sub":[{"_":"r","_x":-67,"_y":-190,"_w":134,"_h":76,"rx":5,"ry":5,"style":"fill:rgb(33,33,33);"}]},"40":{"w":250,"h":40,"in":"gpi","desc":"Opto-isolated Input (to GND)"},"41":{"w":250,"h":40,"out":"gpo","desc":"Relay Output (to GND)"},"250":{"w":214,"h":34,"desc":"Controller / Module","sub":[{"_":"r","_x":-105,"_y":-15,"_w":210,"_h":30,"rx":5,"ry":5,"style":"fill:rgb(103,118,131);"}]}}}